run_accession	study_accession	secondary_study_accession	sample_accession	experiment_accession	submission_accession	tax_id	scientific_name	library_name	library_strategy	library_selection	read_count	study_title	study_alias	experiment_alias	run_alias	fastq_md5	fastq_ftp	submitted_bytes	submitted_ftp	broker_name	sample_title
ERR15909855	PRJEB88111	ERP171251	SAMEA120577475	ERX15305629	ERA35258655	9823	Sus scrofa		WGS	RANDOM	44404	Metagenomics for detection of bacterial pathogens, antimicrobial resistance and virulence genes in diarrhoeal pigs	cfc855b7-37f7-4bf6-959b-2a2aafd1689a	webin-reads-DTU_2025_1036890_101_MG_LVK_76_SE	webin-reads-DTU_2025_1036890_101_MG_LVK_76_SE	7316c3227f49c8cdacbe32cd99a9761b	ftp.sra.ebi.ac.uk/vol1/fastq/ERR159/055/ERR15909855/ERR15909855.fastq.gz	85392745	ftp.sra.ebi.ac.uk/vol1/run/ERR159/ERR15909855/DTU_2025_1036890_101_MG_LVK_76_SE.fq.gz	DTU-GE	DTU_2025_1036890_101_MG_LVK_76_SE
ERR15909858	PRJEB88111	ERP171251	SAMEA120577463	ERX15305632	ERA35258658	9823	Sus scrofa		WGS	RANDOM	149891	Metagenomics for detection of bacterial pathogens, antimicrobial resistance and virulence genes in diarrhoeal pigs	cfc855b7-37f7-4bf6-959b-2a2aafd1689a	webin-reads-DTU_2025_1036900_101_MG_LVK_102_SE	webin-reads-DTU_2025_1036900_101_MG_LVK_102_SE	896918508ce8e5f55daf367271568678	ftp.sra.ebi.ac.uk/vol1/fastq/ERR159/058/ERR15909858/ERR15909858.fastq.gz	132755280	ftp.sra.ebi.ac.uk/vol1/run/ERR159/ERR15909858/DTU_2025_1036900_101_MG_LVK_102_SE.fq.gz	DTU-GE	DTU_2025_1036900_101_MG_LVK_102_SE
ERR15909874	PRJEB88111	ERP171251	SAMEA120577467	ERX15305648	ERA35258668	9823	Sus scrofa		WGS	RANDOM	104799	Metagenomics for detection of bacterial pathogens, antimicrobial resistance and virulence genes in diarrhoeal pigs	cfc855b7-37f7-4bf6-959b-2a2aafd1689a	webin-reads-DTU_2025_1036899_101_MG_LVK_101_SE	webin-reads-DTU_2025_1036899_101_MG_LVK_101_SE	0dc094cc0f003f461cc622d322bc8cd8	ftp.sra.ebi.ac.uk/vol1/fastq/ERR159/074/ERR15909874/ERR15909874.fastq.gz	197537363	ftp.sra.ebi.ac.uk/vol1/run/ERR159/ERR15909874/DTU_2025_1036899_101_MG_LVK_101_SE.fq.gz	DTU-GE	DTU_2025_1036899_101_MG_LVK_101_SE
ERR15909884	PRJEB88111	ERP171251	SAMEA120577465	ERX15305658	ERA35258679	9823	Sus scrofa		WGS	RANDOM	74218	Metagenomics for detection of bacterial pathogens, antimicrobial resistance and virulence genes in diarrhoeal pigs	cfc855b7-37f7-4bf6-959b-2a2aafd1689a	webin-reads-DTU_2025_1036893_101_MG_LVK_82_SE	webin-reads-DTU_2025_1036893_101_MG_LVK_82_SE	10a096647b1a83c1160772100e6df77e	ftp.sra.ebi.ac.uk/vol1/fastq/ERR159/084/ERR15909884/ERR15909884.fastq.gz	134810182	ftp.sra.ebi.ac.uk/vol1/run/ERR159/ERR15909884/DTU_2025_1036893_101_MG_LVK_82_SE.fq.gz	DTU-GE	DTU_2025_1036893_101_MG_LVK_82_SE
ERR15909885	PRJEB88111	ERP171251	SAMEA120577458	ERX15305659	ERA35258681	9823	Sus scrofa		WGS	RANDOM	63172	Metagenomics for detection of bacterial pathogens, antimicrobial resistance and virulence genes in diarrhoeal pigs	cfc855b7-37f7-4bf6-959b-2a2aafd1689a	webin-reads-DTU_2025_1036892_101_MG_LVK_80_SE	webin-reads-DTU_2025_1036892_101_MG_LVK_80_SE	d149e228b85e36e3ea9fe6aa2023cf06	ftp.sra.ebi.ac.uk/vol1/fastq/ERR159/085/ERR15909885/ERR15909885.fastq.gz	134085368	ftp.sra.ebi.ac.uk/vol1/run/ERR159/ERR15909885/DTU_2025_1036892_101_MG_LVK_80_SE.fq.gz	DTU-GE	DTU_2025_1036892_101_MG_LVK_80_SE
ERR15909890	PRJEB88111	ERP171251	SAMEA120577470	ERX15305664	ERA35258686	9823	Sus scrofa		WGS	RANDOM	53621	Metagenomics for detection of bacterial pathogens, antimicrobial resistance and virulence genes in diarrhoeal pigs	cfc855b7-37f7-4bf6-959b-2a2aafd1689a	webin-reads-DTU_2025_1036891_101_MG_LVK_79_SE	webin-reads-DTU_2025_1036891_101_MG_LVK_79_SE	ca6bf1b5e4cc6c8ec22cf34984c7a66e	ftp.sra.ebi.ac.uk/vol1/fastq/ERR159/090/ERR15909890/ERR15909890.fastq.gz	102717193	ftp.sra.ebi.ac.uk/vol1/run/ERR159/ERR15909890/DTU_2025_1036891_101_MG_LVK_79_SE.fq.gz	DTU-GE	DTU_2025_1036891_101_MG_LVK_79_SE
ERR15909891	PRJEB88111	ERP171251	SAMEA120577461	ERX15305665	ERA35258687	9823	Sus scrofa		WGS	RANDOM	222540	Metagenomics for detection of bacterial pathogens, antimicrobial resistance and virulence genes in diarrhoeal pigs	cfc855b7-37f7-4bf6-959b-2a2aafd1689a	webin-reads-DTU_2025_1037644_101_MG_LVK_18_SE	webin-reads-DTU_2025_1037644_101_MG_LVK_18_SE	fee471d195ab168d15dbc3e0f0a18601	ftp.sra.ebi.ac.uk/vol1/fastq/ERR159/091/ERR15909891/ERR15909891.fastq.gz	147375215	ftp.sra.ebi.ac.uk/vol1/run/ERR159/ERR15909891/DTU_2025_1037644_101_MG_LVK_18_SE.fq.gz	DTU-GE	DTU_2025_1037644_101_MG_LVK_18_SE
ERR15934506	PRJEB88111	ERP171251	SAMEA120577430	ERX15330170	ERA35259834	9823	Sus scrofa		WGS	RANDOM	8137381	Metagenomics for detection of bacterial pathogens, antimicrobial resistance and virulence genes in diarrhoeal pigs	cfc855b7-37f7-4bf6-959b-2a2aafd1689a	webin-reads-DTU_2024_1036889_100_MG_LVK_74_SE	webin-reads-DTU_2024_1036889_100_MG_LVK_74_SE	741193a516c968a7cbe146a045d2f440	ftp.sra.ebi.ac.uk/vol1/fastq/ERR159/006/ERR15934506/ERR15934506.fastq.gz	22065696164	ftp.sra.ebi.ac.uk/vol1/run/ERR159/ERR15934506/DTU_2024_1036889_100_MG_LVK_74_SE.fq.gz	DTU-GE	DTU_2024_1036889_100_MG_LVK_74_SE
ERR15934885	PRJEB88111	ERP171251	SAMEA120577436	ERX15330513	ERA35260361	9823	Sus scrofa		WGS	RANDOM	6995586	Metagenomics for detection of bacterial pathogens, antimicrobial resistance and virulence genes in diarrhoeal pigs	cfc855b7-37f7-4bf6-959b-2a2aafd1689a	webin-reads-DTU_2024_1036891_100_MG_LVK_79_SE	webin-reads-DTU_2024_1036891_100_MG_LVK_79_SE	f74043df29eccfb7aac7b6cfcfa5233e	ftp.sra.ebi.ac.uk/vol1/fastq/ERR159/085/ERR15934885/ERR15934885.fastq.gz	24219513698	ftp.sra.ebi.ac.uk/vol1/run/ERR159/ERR15934885/DTU_2024_1036891_100_MG_LVK_79_SE.fq.gz	DTU-GE	DTU_2024_1036891_100_MG_LVK_79_SE
ERR15934940	PRJEB88111	ERP171251	SAMEA120577434	ERX15330568	ERA35260425	9823	Sus scrofa		WGS	RANDOM	9702739	Metagenomics for detection of bacterial pathogens, antimicrobial resistance and virulence genes in diarrhoeal pigs	cfc855b7-37f7-4bf6-959b-2a2aafd1689a	webin-reads-DTU_2024_1036888_100_MG_LVK_61_SE	webin-reads-DTU_2024_1036888_100_MG_LVK_61_SE	009f1a02482ff1c9e2688139d1b7b3f6	ftp.sra.ebi.ac.uk/vol1/fastq/ERR159/040/ERR15934940/ERR15934940.fastq.gz	30190583610	ftp.sra.ebi.ac.uk/vol1/run/ERR159/ERR15934940/DTU_2024_1036888_100_MG_LVK_61_SE.fq.gz	DTU-GE	DTU_2024_1036888_100_MG_LVK_61_SE
ERR15935830	PRJEB88111	ERP171251	SAMEA120577423	ERX15331436	ERA35260648	9823	Sus scrofa		WGS	RANDOM	6068393	Metagenomics for detection of bacterial pathogens, antimicrobial resistance and virulence genes in diarrhoeal pigs	cfc855b7-37f7-4bf6-959b-2a2aafd1689a	webin-reads-DTU_2024_1036880_100_MG_LVK_11_SE	webin-reads-DTU_2024_1036880_100_MG_LVK_11_SE	ebe0af6c22c6cc7fc5234a6729046a2b	ftp.sra.ebi.ac.uk/vol1/fastq/ERR159/030/ERR15935830/ERR15935830.fastq.gz	21781693664	ftp.sra.ebi.ac.uk/vol1/run/ERR159/ERR15935830/DTU_2024_1036880_100_MG_LVK_11_SE.fq.gz	DTU-GE	DTU_2024_1036880_100_MG_LVK_11_SE
ERR15936676	PRJEB88111	ERP171251	SAMEA120577422	ERX15332274	ERA35260797	9823	Sus scrofa		WGS	RANDOM	5640279	Metagenomics for detection of bacterial pathogens, antimicrobial resistance and virulence genes in diarrhoeal pigs	cfc855b7-37f7-4bf6-959b-2a2aafd1689a	webin-reads-DTU_2024_1036885_100_MG_LVK_52_SE	webin-reads-DTU_2024_1036885_100_MG_LVK_52_SE	2a22d475298b2117ad6c28488c9377cc	ftp.sra.ebi.ac.uk/vol1/fastq/ERR159/076/ERR15936676/ERR15936676.fastq.gz	22230212411	ftp.sra.ebi.ac.uk/vol1/run/ERR159/ERR15936676/DTU_2024_1036885_100_MG_LVK_52_SE.fq.gz	DTU-GE	DTU_2024_1036885_100_MG_LVK_52_SE
ERR15937724	PRJEB88111	ERP171251	SAMEA120577447	ERX15333322	ERA35260807	9823	Sus scrofa		WGS	RANDOM	11274709	Metagenomics for detection of bacterial pathogens, antimicrobial resistance and virulence genes in diarrhoeal pigs	cfc855b7-37f7-4bf6-959b-2a2aafd1689a	webin-reads-DTU_2024_1036905_100_MG_ID_1188_W_F139_10_SE	webin-reads-DTU_2024_1036905_100_MG_ID_1188_W_F139_10_SE	9669f706d4fbdba83c0b36cbe364ed0f	ftp.sra.ebi.ac.uk/vol1/fastq/ERR159/024/ERR15937724/ERR15937724.fastq.gz	39061200874	ftp.sra.ebi.ac.uk/vol1/run/ERR159/ERR15937724/DTU_2024_1036905_100_MG_ID_1188_W_F139_10_SE.fq.gz	DTU-GE	DTU_2024_1036905_100_MG_ID_1188_W_F139_10_SE
ERR15937726	PRJEB88111	ERP171251	SAMEA120577452	ERX15333324	ERA35260809	9823	Sus scrofa		WGS	RANDOM	1399673	Metagenomics for detection of bacterial pathogens, antimicrobial resistance and virulence genes in diarrhoeal pigs	cfc855b7-37f7-4bf6-959b-2a2aafd1689a	webin-reads-DTU_2025_1037646_100_MG_LVK_107_SE	webin-reads-DTU_2025_1037646_100_MG_LVK_107_SE	bf0f9deb832ea690df0babe3bdb601f5	ftp.sra.ebi.ac.uk/vol1/fastq/ERR159/026/ERR15937726/ERR15937726.fastq.gz	5319104044	ftp.sra.ebi.ac.uk/vol1/run/ERR159/ERR15937726/DTU_2025_1037646_100_MG_LVK_107_SE.fq.gz	DTU-GE	DTU_2025_1037646_100_MG_LVK_107_SE
ERR15942132	PRJEB88111	ERP171251	SAMEA120581442	ERX15337677	ERA35261765	562	Escherichia coli		WGS	RANDOM	151151	Metagenomics for detection of bacterial pathogens, antimicrobial resistance and virulence genes in diarrhoeal pigs	cfc855b7-37f7-4bf6-959b-2a2aafd1689a	webin-reads-DTU_2024_1035969_100_SI_DTU_56B_SE	webin-reads-DTU_2024_1035969_100_SI_DTU_56B_SE	795078d61492de656749abfb9dc668f8	ftp.sra.ebi.ac.uk/vol1/fastq/ERR159/032/ERR15942132/ERR15942132.fastq.gz	846202753	ftp.sra.ebi.ac.uk/vol1/run/ERR159/ERR15942132/DTU_2024_1035969_100_SI_DTU_56B_SE.fq.gz	DTU-GE	DTU_2024_1035969_100_SI_DTU_56B_SE
ERR15942162	PRJEB88111	ERP171251	SAMEA120581468	ERX15337707	ERA35261800	1502	Clostridium perfringens		WGS	RANDOM	172754	Metagenomics for detection of bacterial pathogens, antimicrobial resistance and virulence genes in diarrhoeal pigs	cfc855b7-37f7-4bf6-959b-2a2aafd1689a	webin-reads-DTU_2024_1035995_100_SI_CP_83B_SE	webin-reads-DTU_2024_1035995_100_SI_CP_83B_SE	f18fb9e72a1fccbb75a3856d21797d4b	ftp.sra.ebi.ac.uk/vol1/fastq/ERR159/062/ERR15942162/ERR15942162.fastq.gz	874381287	ftp.sra.ebi.ac.uk/vol1/run/ERR159/ERR15942162/DTU_2024_1035995_100_SI_CP_83B_SE.fq.gz	DTU-GE	DTU_2024_1035995_100_SI_CP_83B_SE
ERR15942213	PRJEB88111	ERP171251	SAMEA120581453	ERX15337758	ERA35261851	1502	Clostridium perfringens		WGS	RANDOM	349550	Metagenomics for detection of bacterial pathogens, antimicrobial resistance and virulence genes in diarrhoeal pigs	cfc855b7-37f7-4bf6-959b-2a2aafd1689a	webin-reads-DTU_2024_1035980_100_SI_CP_12D_SE	webin-reads-DTU_2024_1035980_100_SI_CP_12D_SE	781d4b38cdb9a386c8aac6543b04f602	ftp.sra.ebi.ac.uk/vol1/fastq/ERR159/013/ERR15942213/ERR15942213.fastq.gz	1467043259	ftp.sra.ebi.ac.uk/vol1/run/ERR159/ERR15942213/DTU_2024_1035980_100_SI_CP_12D_SE.fq.gz	DTU-GE	DTU_2024_1035980_100_SI_CP_12D_SE
ERR15942217	PRJEB88111	ERP171251	SAMEA120581462	ERX15337762	ERA35261855	1502	Clostridium perfringens		WGS	RANDOM	305377	Metagenomics for detection of bacterial pathogens, antimicrobial resistance and virulence genes in diarrhoeal pigs	cfc855b7-37f7-4bf6-959b-2a2aafd1689a	webin-reads-DTU_2024_1035989_100_SI_CP_52B_SE	webin-reads-DTU_2024_1035989_100_SI_CP_52B_SE	3c0e8bffcf2877a88ff29bc1673ce05c	ftp.sra.ebi.ac.uk/vol1/fastq/ERR159/017/ERR15942217/ERR15942217.fastq.gz	1318339239	ftp.sra.ebi.ac.uk/vol1/run/ERR159/ERR15942217/DTU_2024_1035989_100_SI_CP_52B_SE.fq.gz	DTU-GE	DTU_2024_1035989_100_SI_CP_52B_SE
ERR15942224	PRJEB88111	ERP171251	SAMEA120581429	ERX15337769	ERA35261862	562	Escherichia coli		WGS	RANDOM	233877	Metagenomics for detection of bacterial pathogens, antimicrobial resistance and virulence genes in diarrhoeal pigs	cfc855b7-37f7-4bf6-959b-2a2aafd1689a	webin-reads-DTU_2024_1035956_100_SI_LVK_60_SE	webin-reads-DTU_2024_1035956_100_SI_LVK_60_SE	9f85f0071f89ae646ccd1e1148e7ced6	ftp.sra.ebi.ac.uk/vol1/fastq/ERR159/024/ERR15942224/ERR15942224.fastq.gz	1113484984	ftp.sra.ebi.ac.uk/vol1/run/ERR159/ERR15942224/DTU_2024_1035956_100_SI_LVK_60_SE.fq.gz	DTU-GE	DTU_2024_1035956_100_SI_LVK_60_SE
ERR15909857	PRJEB88111	ERP171251	SAMEA120577454	ERX15305631	ERA35258657	9823	Sus scrofa		WGS	RANDOM	982460	Metagenomics for detection of bacterial pathogens, antimicrobial resistance and virulence genes in diarrhoeal pigs	cfc855b7-37f7-4bf6-959b-2a2aafd1689a	webin-reads-DTU_2025_1036880_101_MG_LVK_11_SE	webin-reads-DTU_2025_1036880_101_MG_LVK_11_SE	55a7e023591ff22ae51f9b373cd892d4	ftp.sra.ebi.ac.uk/vol1/fastq/ERR159/057/ERR15909857/ERR15909857.fastq.gz	1376575016	ftp.sra.ebi.ac.uk/vol1/run/ERR159/ERR15909857/DTU_2025_1036880_101_MG_LVK_11_SE.fq.gz	DTU-GE	DTU_2025_1036880_101_MG_LVK_11_SE
ERR15909859	PRJEB88111	ERP171251	SAMEA120577471	ERX15305633	ERA35258660	9823	Sus scrofa		WGS	RANDOM	75766	Metagenomics for detection of bacterial pathogens, antimicrobial resistance and virulence genes in diarrhoeal pigs	cfc855b7-37f7-4bf6-959b-2a2aafd1689a	webin-reads-DTU_2025_1036887_102_MG_LVK_60_SE	webin-reads-DTU_2025_1036887_102_MG_LVK_60_SE	772dd6c1a167ad70e6de871c93d9e8f5	ftp.sra.ebi.ac.uk/vol1/fastq/ERR159/059/ERR15909859/ERR15909859.fastq.gz	186781561	ftp.sra.ebi.ac.uk/vol1/run/ERR159/ERR15909859/DTU_2025_1036887_102_MG_LVK_60_SE.fq.gz	DTU-GE	DTU_2025_1036887_102_MG_LVK_60_SE
ERR15909873	PRJEB88111	ERP171251	SAMEA120577473	ERX15305647	ERA35258667	9823	Sus scrofa		WGS	RANDOM	137990	Metagenomics for detection of bacterial pathogens, antimicrobial resistance and virulence genes in diarrhoeal pigs	cfc855b7-37f7-4bf6-959b-2a2aafd1689a	webin-reads-DTU_2025_1036888_101_MG_LVK_61_SE	webin-reads-DTU_2025_1036888_101_MG_LVK_61_SE	1c28ca5e785de08f50845032648e4f57	ftp.sra.ebi.ac.uk/vol1/fastq/ERR159/073/ERR15909873/ERR15909873.fastq.gz	262941675	ftp.sra.ebi.ac.uk/vol1/run/ERR159/ERR15909873/DTU_2025_1036888_101_MG_LVK_61_SE.fq.gz	DTU-GE	DTU_2025_1036888_101_MG_LVK_61_SE
ERR15909878	PRJEB88111	ERP171251	SAMEA120577480	ERX15305652	ERA35258673	9823	Sus scrofa		WGS	RANDOM	87270	Metagenomics for detection of bacterial pathogens, antimicrobial resistance and virulence genes in diarrhoeal pigs	cfc855b7-37f7-4bf6-959b-2a2aafd1689a	webin-reads-DTU_2025_1036897_101_MG_LVK_97_SE	webin-reads-DTU_2025_1036897_101_MG_LVK_97_SE	af6d82b534635fca4fddc212b7a28e89	ftp.sra.ebi.ac.uk/vol1/fastq/ERR159/078/ERR15909878/ERR15909878.fastq.gz	110673774	ftp.sra.ebi.ac.uk/vol1/run/ERR159/ERR15909878/DTU_2025_1036897_101_MG_LVK_97_SE.fq.gz	DTU-GE	DTU_2025_1036897_101_MG_LVK_97_SE
ERR15909879	PRJEB88111	ERP171251	SAMEA120577462	ERX15305653	ERA35258674	9823	Sus scrofa		WGS	RANDOM	77680	Metagenomics for detection of bacterial pathogens, antimicrobial resistance and virulence genes in diarrhoeal pigs	cfc855b7-37f7-4bf6-959b-2a2aafd1689a	webin-reads-DTU_2025_1036883_101_MG_LVK_43_SE	webin-reads-DTU_2025_1036883_101_MG_LVK_43_SE	adec9a21fd382f726f10ec07b05d4eb1	ftp.sra.ebi.ac.uk/vol1/fastq/ERR159/079/ERR15909879/ERR15909879.fastq.gz	152012044	ftp.sra.ebi.ac.uk/vol1/run/ERR159/ERR15909879/DTU_2025_1036883_101_MG_LVK_43_SE.fq.gz	DTU-GE	DTU_2025_1036883_101_MG_LVK_43_SE
ERR15909880	PRJEB88111	ERP171251	SAMEA120577478	ERX15305654	ERA35258675	9823	Sus scrofa		WGS	RANDOM	388693	Metagenomics for detection of bacterial pathogens, antimicrobial resistance and virulence genes in diarrhoeal pigs	cfc855b7-37f7-4bf6-959b-2a2aafd1689a	webin-reads-DTU_2025_1036885_101_MG_LVK_52_SE	webin-reads-DTU_2025_1036885_101_MG_LVK_52_SE	67cf2fd83364db623f040aa1d2c08839	ftp.sra.ebi.ac.uk/vol1/fastq/ERR159/080/ERR15909880/ERR15909880.fastq.gz	633464445	ftp.sra.ebi.ac.uk/vol1/run/ERR159/ERR15909880/DTU_2025_1036885_101_MG_LVK_52_SE.fq.gz	DTU-GE	DTU_2025_1036885_101_MG_LVK_52_SE
ERR15909882	PRJEB88111	ERP171251	SAMEA120577474	ERX15305656	ERA35258677	9823	Sus scrofa		WGS	RANDOM	279146	Metagenomics for detection of bacterial pathogens, antimicrobial resistance and virulence genes in diarrhoeal pigs	cfc855b7-37f7-4bf6-959b-2a2aafd1689a	webin-reads-DTU_2025_1036880_102_MG_LVK_11_SE	webin-reads-DTU_2025_1036880_102_MG_LVK_11_SE	888d1903d07a617ff5f3a84fbe87b095	ftp.sra.ebi.ac.uk/vol1/fastq/ERR159/082/ERR15909882/ERR15909882.fastq.gz	332198764	ftp.sra.ebi.ac.uk/vol1/run/ERR159/ERR15909882/DTU_2025_1036880_102_MG_LVK_11_SE.fq.gz	DTU-GE	DTU_2025_1036880_102_MG_LVK_11_SE
ERR15909888	PRJEB88111	ERP171251	SAMEA120577476	ERX15305662	ERA35258684	9823	Sus scrofa		WGS	RANDOM	66402	Metagenomics for detection of bacterial pathogens, antimicrobial resistance and virulence genes in diarrhoeal pigs	cfc855b7-37f7-4bf6-959b-2a2aafd1689a	webin-reads-DTU_2025_1036894_102_MG_LVK_83_SE	webin-reads-DTU_2025_1036894_102_MG_LVK_83_SE	72a00032792ac6b36b53288531bf73c1	ftp.sra.ebi.ac.uk/vol1/fastq/ERR159/088/ERR15909888/ERR15909888.fastq.gz	115894893	ftp.sra.ebi.ac.uk/vol1/run/ERR159/ERR15909888/DTU_2025_1036894_102_MG_LVK_83_SE.fq.gz	DTU-GE	DTU_2025_1036894_102_MG_LVK_83_SE
ERR15934877	PRJEB88111	ERP171251	SAMEA120577433	ERX15330505	ERA35260252	9823	Sus scrofa		WGS	RANDOM	10800080	Metagenomics for detection of bacterial pathogens, antimicrobial resistance and virulence genes in diarrhoeal pigs	cfc855b7-37f7-4bf6-959b-2a2aafd1689a	webin-reads-DTU_2024_1036895_100_MG_LVK_88_SE	webin-reads-DTU_2024_1036895_100_MG_LVK_88_SE	d8bdd62370917708951ef97b6f20a520	ftp.sra.ebi.ac.uk/vol1/fastq/ERR159/077/ERR15934877/ERR15934877.fastq.gz	31105509519	ftp.sra.ebi.ac.uk/vol1/run/ERR159/ERR15934877/DTU_2024_1036895_100_MG_LVK_88_SE.fq.gz	DTU-GE	DTU_2024_1036895_100_MG_LVK_88_SE
ERR15939766	PRJEB88111	ERP171251	SAMEA120577429	ERX15335364	ERA35260816	9823	Sus scrofa		WGS	RANDOM	5398628	Metagenomics for detection of bacterial pathogens, antimicrobial resistance and virulence genes in diarrhoeal pigs	cfc855b7-37f7-4bf6-959b-2a2aafd1689a	webin-reads-DTU_2024_1036886_100_MG_LVK_56_SE	webin-reads-DTU_2024_1036886_100_MG_LVK_56_SE	6ca0533e0f79fb4d1cc5a4776b0343c9	ftp.sra.ebi.ac.uk/vol1/fastq/ERR159/066/ERR15939766/ERR15939766.fastq.gz	22185928663	ftp.sra.ebi.ac.uk/vol1/run/ERR159/ERR15939766/DTU_2024_1036886_100_MG_LVK_56_SE.fq.gz	DTU-GE	DTU_2024_1036886_100_MG_LVK_56_SE
ERR15941699	PRJEB88111	ERP171251	SAMEA120581441	ERX15337244	ERA35261325	562	Escherichia coli		WGS	RANDOM	153999	Metagenomics for detection of bacterial pathogens, antimicrobial resistance and virulence genes in diarrhoeal pigs	cfc855b7-37f7-4bf6-959b-2a2aafd1689a	webin-reads-DTU_2024_1035968_100_SI_DTU_52A_SE	webin-reads-DTU_2024_1035968_100_SI_DTU_52A_SE	1827431d34b12c116d394c50f802fbcf	ftp.sra.ebi.ac.uk/vol1/fastq/ERR159/099/ERR15941699/ERR15941699.fastq.gz	875450270	ftp.sra.ebi.ac.uk/vol1/run/ERR159/ERR15941699/DTU_2024_1035968_100_SI_DTU_52A_SE.fq.gz	DTU-GE	DTU_2024_1035968_100_SI_DTU_52A_SE
ERR15941702	PRJEB88111	ERP171251	SAMEA120581443	ERX15337247	ERA35261328	562	Escherichia coli		WGS	RANDOM	232519	Metagenomics for detection of bacterial pathogens, antimicrobial resistance and virulence genes in diarrhoeal pigs	cfc855b7-37f7-4bf6-959b-2a2aafd1689a	webin-reads-DTU_2024_1035970_100_SI_DTU_60C_SE	webin-reads-DTU_2024_1035970_100_SI_DTU_60C_SE	fc8532aaa3f9f26fb8340f1073c58b7f	ftp.sra.ebi.ac.uk/vol1/fastq/ERR159/002/ERR15941702/ERR15941702.fastq.gz	1093099232	ftp.sra.ebi.ac.uk/vol1/run/ERR159/ERR15941702/DTU_2024_1035970_100_SI_DTU_60C_SE.fq.gz	DTU-GE	DTU_2024_1035970_100_SI_DTU_60C_SE
ERR15941751	PRJEB88111	ERP171251	SAMEA120581425	ERX15337296	ERA35261377	562	Escherichia coli		WGS	RANDOM	231664	Metagenomics for detection of bacterial pathogens, antimicrobial resistance and virulence genes in diarrhoeal pigs	cfc855b7-37f7-4bf6-959b-2a2aafd1689a	webin-reads-DTU_2014_1035953_100_SI_LVK_17_SE	webin-reads-DTU_2014_1035953_100_SI_LVK_17_SE	ff7546ef7c2d157acf6c0b22d10ae787	ftp.sra.ebi.ac.uk/vol1/fastq/ERR159/051/ERR15941751/ERR15941751.fastq.gz	1130337790	ftp.sra.ebi.ac.uk/vol1/run/ERR159/ERR15941751/DTU_2014_1035953_100_SI_LVK_17_SE.fq.gz	DTU-GE	DTU_2014_1035953_100_SI_LVK_17_SE
ERR15941757	PRJEB88111	ERP171251	SAMEA120581447	ERX15337302	ERA35261383	562	Escherichia coli		WGS	RANDOM	150593	Metagenomics for detection of bacterial pathogens, antimicrobial resistance and virulence genes in diarrhoeal pigs	cfc855b7-37f7-4bf6-959b-2a2aafd1689a	webin-reads-DTU_2024_1035974_100_SI_DTU_82A_SE	webin-reads-DTU_2024_1035974_100_SI_DTU_82A_SE	9ca99cf73d2781ec91e14c6c31cfb96c	ftp.sra.ebi.ac.uk/vol1/fastq/ERR159/057/ERR15941757/ERR15941757.fastq.gz	885568592	ftp.sra.ebi.ac.uk/vol1/run/ERR159/ERR15941757/DTU_2024_1035974_100_SI_DTU_82A_SE.fq.gz	DTU-GE	DTU_2024_1035974_100_SI_DTU_82A_SE
ERR15942123	PRJEB88111	ERP171251	SAMEA120581457	ERX15337668	ERA35261756	1502	Clostridium perfringens		WGS	RANDOM	176084	Metagenomics for detection of bacterial pathogens, antimicrobial resistance and virulence genes in diarrhoeal pigs	cfc855b7-37f7-4bf6-959b-2a2aafd1689a	webin-reads-DTU_2024_1035984_100_SI_CP_27B_SE	webin-reads-DTU_2024_1035984_100_SI_CP_27B_SE	8f535c6003af1f465fbfc8ac3fa6dd4a	ftp.sra.ebi.ac.uk/vol1/fastq/ERR159/023/ERR15942123/ERR15942123.fastq.gz	926368524	ftp.sra.ebi.ac.uk/vol1/run/ERR159/ERR15942123/DTU_2024_1035984_100_SI_CP_27B_SE.fq.gz	DTU-GE	DTU_2024_1035984_100_SI_CP_27B_SE
ERR15942148	PRJEB88111	ERP171251	SAMEA120581455	ERX15337693	ERA35261786	1502	Clostridium perfringens		WGS	RANDOM	323607	Metagenomics for detection of bacterial pathogens, antimicrobial resistance and virulence genes in diarrhoeal pigs	cfc855b7-37f7-4bf6-959b-2a2aafd1689a	webin-reads-DTU_2024_1035982_100_SI_CP_15B_SE	webin-reads-DTU_2024_1035982_100_SI_CP_15B_SE	fa24f3e13a7dfa74b3137636abc2dfbb	ftp.sra.ebi.ac.uk/vol1/fastq/ERR159/048/ERR15942148/ERR15942148.fastq.gz	1436030107	ftp.sra.ebi.ac.uk/vol1/run/ERR159/ERR15942148/DTU_2024_1035982_100_SI_CP_15B_SE.fq.gz	DTU-GE	DTU_2024_1035982_100_SI_CP_15B_SE
ERR15942171	PRJEB88111	ERP171251	SAMEA120581435	ERX15337716	ERA35261809	562	Escherichia coli		WGS	RANDOM	228024	Metagenomics for detection of bacterial pathogens, antimicrobial resistance and virulence genes in diarrhoeal pigs	cfc855b7-37f7-4bf6-959b-2a2aafd1689a	webin-reads-DTU_2024_1035962_100_SI_LVK_97_SE	webin-reads-DTU_2024_1035962_100_SI_LVK_97_SE	55a0a4f04fa329260f5a24c3115869b9	ftp.sra.ebi.ac.uk/vol1/fastq/ERR159/071/ERR15942171/ERR15942171.fastq.gz	1035831337	ftp.sra.ebi.ac.uk/vol1/run/ERR159/ERR15942171/DTU_2024_1035962_100_SI_LVK_97_SE.fq.gz	DTU-GE	DTU_2024_1035962_100_SI_LVK_97_SE
ERR15942185	PRJEB88111	ERP171251	SAMEA120581466	ERX15337730	ERA35261823	1502	Clostridium perfringens		WGS	RANDOM	378438	Metagenomics for detection of bacterial pathogens, antimicrobial resistance and virulence genes in diarrhoeal pigs	cfc855b7-37f7-4bf6-959b-2a2aafd1689a	webin-reads-DTU_2024_1035993_100_SI_CP_68B_SE	webin-reads-DTU_2024_1035993_100_SI_CP_68B_SE	4e79f5761d4651940fdccbda41c21500	ftp.sra.ebi.ac.uk/vol1/fastq/ERR159/085/ERR15942185/ERR15942185.fastq.gz	1463546660	ftp.sra.ebi.ac.uk/vol1/run/ERR159/ERR15942185/DTU_2024_1035993_100_SI_CP_68B_SE.fq.gz	DTU-GE	DTU_2024_1035993_100_SI_CP_68B_SE
ERR15942227	PRJEB88111	ERP171251	SAMEA120581464	ERX15337772	ERA35261865	1502	Clostridium perfringens		WGS	RANDOM	233642	Metagenomics for detection of bacterial pathogens, antimicrobial resistance and virulence genes in diarrhoeal pigs	cfc855b7-37f7-4bf6-959b-2a2aafd1689a	webin-reads-DTU_2024_1035991_100_SI_CP_60B_SE	webin-reads-DTU_2024_1035991_100_SI_CP_60B_SE	88c028afeb6ee97d49af604f8dba8213	ftp.sra.ebi.ac.uk/vol1/fastq/ERR159/027/ERR15942227/ERR15942227.fastq.gz	1021213796	ftp.sra.ebi.ac.uk/vol1/run/ERR159/ERR15942227/DTU_2024_1035991_100_SI_CP_60B_SE.fq.gz	DTU-GE	DTU_2024_1035991_100_SI_CP_60B_SE
ERR15942241	PRJEB88111	ERP171251	SAMEA120581445	ERX15337786	ERA35261879	562	Escherichia coli		WGS	RANDOM	176455	Metagenomics for detection of bacterial pathogens, antimicrobial resistance and virulence genes in diarrhoeal pigs	cfc855b7-37f7-4bf6-959b-2a2aafd1689a	webin-reads-DTU_2024_1035972_100_SI_DTU_79A_SE	webin-reads-DTU_2024_1035972_100_SI_DTU_79A_SE	614c9802bd67237c3e0044201c1912f9	ftp.sra.ebi.ac.uk/vol1/fastq/ERR159/041/ERR15942241/ERR15942241.fastq.gz	1019967975	ftp.sra.ebi.ac.uk/vol1/run/ERR159/ERR15942241/DTU_2024_1035972_100_SI_DTU_79A_SE.fq.gz	DTU-GE	DTU_2024_1035972_100_SI_DTU_79A_SE
ERR15909852	PRJEB88111	ERP171251	SAMEA120577469	ERX15305626	ERA35258652	9823	Sus scrofa		WGS	RANDOM	94478	Metagenomics for detection of bacterial pathogens, antimicrobial resistance and virulence genes in diarrhoeal pigs	cfc855b7-37f7-4bf6-959b-2a2aafd1689a	webin-reads-DTU_2025_1036882_101_MG_LVK_42_SE	webin-reads-DTU_2025_1036882_101_MG_LVK_42_SE	b4ddfda8dbc838af613bc54418a1e8b2	ftp.sra.ebi.ac.uk/vol1/fastq/ERR159/052/ERR15909852/ERR15909852.fastq.gz	182569232	ftp.sra.ebi.ac.uk/vol1/run/ERR159/ERR15909852/DTU_2025_1036882_101_MG_LVK_42_SE.fq.gz	DTU-GE	DTU_2025_1036882_101_MG_LVK_42_SE
ERR15909853	PRJEB88111	ERP171251	SAMEA120577472	ERX15305627	ERA35258653	9823	Sus scrofa		WGS	RANDOM	64698	Metagenomics for detection of bacterial pathogens, antimicrobial resistance and virulence genes in diarrhoeal pigs	cfc855b7-37f7-4bf6-959b-2a2aafd1689a	webin-reads-DTU_2025_1036896_101_MG_LVK_94_SE	webin-reads-DTU_2025_1036896_101_MG_LVK_94_SE	7537eb4d0aee1f48a412d9d6d961d97b	ftp.sra.ebi.ac.uk/vol1/fastq/ERR159/053/ERR15909853/ERR15909853.fastq.gz	113619039	ftp.sra.ebi.ac.uk/vol1/run/ERR159/ERR15909853/DTU_2025_1036896_101_MG_LVK_94_SE.fq.gz	DTU-GE	DTU_2025_1036896_101_MG_LVK_94_SE
ERR15909856	PRJEB88111	ERP171251	SAMEA120577466	ERX15305630	ERA35258656	9823	Sus scrofa		WGS	RANDOM	103201	Metagenomics for detection of bacterial pathogens, antimicrobial resistance and virulence genes in diarrhoeal pigs	cfc855b7-37f7-4bf6-959b-2a2aafd1689a	webin-reads-DTU_2025_1036884_102_MG_LVK_48_SE	webin-reads-DTU_2025_1036884_102_MG_LVK_48_SE	0bbf136640f3f82e845ac341873ee61b	ftp.sra.ebi.ac.uk/vol1/fastq/ERR159/056/ERR15909856/ERR15909856.fastq.gz	173879667	ftp.sra.ebi.ac.uk/vol1/run/ERR159/ERR15909856/DTU_2025_1036884_102_MG_LVK_48_SE.fq.gz	DTU-GE	DTU_2025_1036884_102_MG_LVK_48_SE
ERR15909869	PRJEB88111	ERP171251	SAMEA120577464	ERX15305643	ERA35258662	9823	Sus scrofa		WGS	RANDOM	77721	Metagenomics for detection of bacterial pathogens, antimicrobial resistance and virulence genes in diarrhoeal pigs	cfc855b7-37f7-4bf6-959b-2a2aafd1689a	webin-reads-DTU_2025_1036898_101_MG_LVK_98_SE	webin-reads-DTU_2025_1036898_101_MG_LVK_98_SE	4c01df93a5e5986abeb63d300894e24b	ftp.sra.ebi.ac.uk/vol1/fastq/ERR159/069/ERR15909869/ERR15909869.fastq.gz	181052438	ftp.sra.ebi.ac.uk/vol1/run/ERR159/ERR15909869/DTU_2025_1036898_101_MG_LVK_98_SE.fq.gz	DTU-GE	DTU_2025_1036898_101_MG_LVK_98_SE
ERR15909872	PRJEB88111	ERP171251	SAMEA120577479	ERX15305646	ERA35258666	9823	Sus scrofa		WGS	RANDOM	104193	Metagenomics for detection of bacterial pathogens, antimicrobial resistance and virulence genes in diarrhoeal pigs	cfc855b7-37f7-4bf6-959b-2a2aafd1689a	webin-reads-DTU_2025_1036881_101_MG_LVK_17_SE	webin-reads-DTU_2025_1036881_101_MG_LVK_17_SE	85a824eb691dfdf25ea6b41e051a79c3	ftp.sra.ebi.ac.uk/vol1/fastq/ERR159/072/ERR15909872/ERR15909872.fastq.gz	148810969	ftp.sra.ebi.ac.uk/vol1/run/ERR159/ERR15909872/DTU_2025_1036881_101_MG_LVK_17_SE.fq.gz	DTU-GE	DTU_2025_1036881_101_MG_LVK_17_SE
ERR15909887	PRJEB88111	ERP171251	SAMEA120577459	ERX15305661	ERA35258683	9823	Sus scrofa		WGS	RANDOM	66767	Metagenomics for detection of bacterial pathogens, antimicrobial resistance and virulence genes in diarrhoeal pigs	cfc855b7-37f7-4bf6-959b-2a2aafd1689a	webin-reads-DTU_2025_1036901_101_MG_LVK_103_SE	webin-reads-DTU_2025_1036901_101_MG_LVK_103_SE	fdd7d0f4a0e221e011a3876dabfd9ef8	ftp.sra.ebi.ac.uk/vol1/fastq/ERR159/087/ERR15909887/ERR15909887.fastq.gz	150055017	ftp.sra.ebi.ac.uk/vol1/run/ERR159/ERR15909887/DTU_2025_1036901_101_MG_LVK_103_SE.fq.gz	DTU-GE	DTU_2025_1036901_101_MG_LVK_103_SE
ERR15909892	PRJEB88111	ERP171251	SAMEA120577468	ERX15305666	ERA35258688	9823	Sus scrofa		WGS	RANDOM	70130	Metagenomics for detection of bacterial pathogens, antimicrobial resistance and virulence genes in diarrhoeal pigs	cfc855b7-37f7-4bf6-959b-2a2aafd1689a	webin-reads-DTU_2025_1036895_101_MG_LVK_88_SE	webin-reads-DTU_2025_1036895_101_MG_LVK_88_SE	c94fc97ad4fec30b24d3ffeeedbb3224	ftp.sra.ebi.ac.uk/vol1/fastq/ERR159/092/ERR15909892/ERR15909892.fastq.gz	126155312	ftp.sra.ebi.ac.uk/vol1/run/ERR159/ERR15909892/DTU_2025_1036895_101_MG_LVK_88_SE.fq.gz	DTU-GE	DTU_2025_1036895_101_MG_LVK_88_SE
ERR15934725	PRJEB88111	ERP171251	SAMEA120577428	ERX15330389	ERA35260154	9823	Sus scrofa		WGS	RANDOM	5390535	Metagenomics for detection of bacterial pathogens, antimicrobial resistance and virulence genes in diarrhoeal pigs	cfc855b7-37f7-4bf6-959b-2a2aafd1689a	webin-reads-DTU_2024_1036887_100_MG_LVK_60_SE	webin-reads-DTU_2024_1036887_100_MG_LVK_60_SE	972160d164f489df2a8bc0f342e18e6c	ftp.sra.ebi.ac.uk/vol1/fastq/ERR159/025/ERR15934725/ERR15934725.fastq.gz	22204867444	ftp.sra.ebi.ac.uk/vol1/run/ERR159/ERR15934725/DTU_2024_1036887_100_MG_LVK_60_SE.fq.gz	DTU-GE	DTU_2024_1036887_100_MG_LVK_60_SE
ERR15934890	PRJEB88111	ERP171251	SAMEA120577427	ERX15330518	ERA35260369	9823	Sus scrofa		WGS	RANDOM	4857950	Metagenomics for detection of bacterial pathogens, antimicrobial resistance and virulence genes in diarrhoeal pigs	cfc855b7-37f7-4bf6-959b-2a2aafd1689a	webin-reads-DTU_2024_1036884_100_MG_LVK_48_SE	webin-reads-DTU_2024_1036884_100_MG_LVK_48_SE	ee97f0e4980250d06d4334c2990f901f	ftp.sra.ebi.ac.uk/vol1/fastq/ERR159/090/ERR15934890/ERR15934890.fastq.gz	13448706928	ftp.sra.ebi.ac.uk/vol1/run/ERR159/ERR15934890/DTU_2024_1036884_100_MG_LVK_48_SE.fq.gz	DTU-GE	DTU_2024_1036884_100_MG_LVK_48_SE
ERR15935081	PRJEB88111	ERP171251	SAMEA120577444	ERX15330709	ERA35260596	9823	Sus scrofa		WGS	RANDOM	9680703	Metagenomics for detection of bacterial pathogens, antimicrobial resistance and virulence genes in diarrhoeal pigs	cfc855b7-37f7-4bf6-959b-2a2aafd1689a	webin-reads-DTU_2024_1036901_100_MG_LVK_103_SE	webin-reads-DTU_2024_1036901_100_MG_LVK_103_SE	2052f95f813341684bfd79d70ef354fa	ftp.sra.ebi.ac.uk/vol1/fastq/ERR159/081/ERR15935081/ERR15935081.fastq.gz	17474427481	ftp.sra.ebi.ac.uk/vol1/run/ERR159/ERR15935081/DTU_2024_1036901_100_MG_LVK_103_SE.fq.gz	DTU-GE	DTU_2024_1036901_100_MG_LVK_103_SE
ERR15936630	PRJEB88111	ERP171251	SAMEA120577441	ERX15332228	ERA35260689	9823	Sus scrofa		WGS	RANDOM	7520384	Metagenomics for detection of bacterial pathogens, antimicrobial resistance and virulence genes in diarrhoeal pigs	cfc855b7-37f7-4bf6-959b-2a2aafd1689a	webin-reads-DTU_2024_1036899_100_MG_LVK_101_SE	webin-reads-DTU_2024_1036899_100_MG_LVK_101_SE	6222c03059ee0d6c89eaa1bc05bb991b	ftp.sra.ebi.ac.uk/vol1/fastq/ERR159/030/ERR15936630/ERR15936630.fastq.gz	16141964157	ftp.sra.ebi.ac.uk/vol1/run/ERR159/ERR15936630/DTU_2024_1036899_100_MG_LVK_101_SE.fq.gz	DTU-GE	DTU_2024_1036899_100_MG_LVK_101_SE
ERR15936647	PRJEB88111	ERP171251	SAMEA120577453	ERX15332245	ERA35260696	9823	Sus scrofa		WGS	RANDOM	2974208	Metagenomics for detection of bacterial pathogens, antimicrobial resistance and virulence genes in diarrhoeal pigs	cfc855b7-37f7-4bf6-959b-2a2aafd1689a	webin-reads-DTU_2025_1037644_100_MG_LVK_18_SE	webin-reads-DTU_2025_1037644_100_MG_LVK_18_SE	c1cdc18420a29f537f86be5f255dd5db	ftp.sra.ebi.ac.uk/vol1/fastq/ERR159/047/ERR15936647/ERR15936647.fastq.gz	7243870679	ftp.sra.ebi.ac.uk/vol1/run/ERR159/ERR15936647/DTU_2025_1037644_100_MG_LVK_18_SE.fq.gz	DTU-GE	DTU_2025_1037644_100_MG_LVK_18_SE
ERR15938761	PRJEB88111	ERP171251	SAMEA120577431	ERX15334359	ERA35260811	9823	Sus scrofa		WGS	RANDOM	10306174	Metagenomics for detection of bacterial pathogens, antimicrobial resistance and virulence genes in diarrhoeal pigs	cfc855b7-37f7-4bf6-959b-2a2aafd1689a	webin-reads-DTU_2024_1036893_100_MG_LVK_82_SE	webin-reads-DTU_2024_1036893_100_MG_LVK_82_SE	d8581d25175d7ddc5c472662231020b1	ftp.sra.ebi.ac.uk/vol1/fastq/ERR159/061/ERR15938761/ERR15938761.fastq.gz	22539104303	ftp.sra.ebi.ac.uk/vol1/run/ERR159/ERR15938761/DTU_2024_1036893_100_MG_LVK_82_SE.fq.gz	DTU-GE	DTU_2024_1036893_100_MG_LVK_82_SE
ERR15939764	PRJEB88111	ERP171251	SAMEA120577439	ERX15335362	ERA35260814	9823	Sus scrofa		WGS	RANDOM	3760458	Metagenomics for detection of bacterial pathogens, antimicrobial resistance and virulence genes in diarrhoeal pigs	cfc855b7-37f7-4bf6-959b-2a2aafd1689a	webin-reads-DTU_2024_1036897_100_MG_LVK_97_SE	webin-reads-DTU_2024_1036897_100_MG_LVK_97_SE	21b1f3c80e74eb92c81822cfb24fbed5	ftp.sra.ebi.ac.uk/vol1/fastq/ERR159/064/ERR15939764/ERR15939764.fastq.gz	6528956200	ftp.sra.ebi.ac.uk/vol1/run/ERR159/ERR15939764/DTU_2024_1036897_100_MG_LVK_97_SE.fq.gz	DTU-GE	DTU_2024_1036897_100_MG_LVK_97_SE
ERR15941744	PRJEB88111	ERP171251	SAMEA120581440	ERX15337289	ERA35261370	562	Escherichia coli		WGS	RANDOM	205601	Metagenomics for detection of bacterial pathogens, antimicrobial resistance and virulence genes in diarrhoeal pigs	cfc855b7-37f7-4bf6-959b-2a2aafd1689a	webin-reads-DTU_2024_1035967_100_SI_DTU_48A_SE	webin-reads-DTU_2024_1035967_100_SI_DTU_48A_SE	bcfba116ab99ecfe63c03df60c73dac5	ftp.sra.ebi.ac.uk/vol1/fastq/ERR159/044/ERR15941744/ERR15941744.fastq.gz	1003600431	ftp.sra.ebi.ac.uk/vol1/run/ERR159/ERR15941744/DTU_2024_1035967_100_SI_DTU_48A_SE.fq.gz	DTU-GE	DTU_2024_1035967_100_SI_DTU_48A_SE
ERR15941747	PRJEB88111	ERP171251	SAMEA120581446	ERX15337292	ERA35261373	562	Escherichia coli		WGS	RANDOM	142358	Metagenomics for detection of bacterial pathogens, antimicrobial resistance and virulence genes in diarrhoeal pigs	cfc855b7-37f7-4bf6-959b-2a2aafd1689a	webin-reads-DTU_2024_1035973_100_SI_DTU_80C_SE	webin-reads-DTU_2024_1035973_100_SI_DTU_80C_SE	2241dba929f223c195a77de8f2b5d484	ftp.sra.ebi.ac.uk/vol1/fastq/ERR159/047/ERR15941747/ERR15941747.fastq.gz	847935091	ftp.sra.ebi.ac.uk/vol1/run/ERR159/ERR15941747/DTU_2024_1035973_100_SI_DTU_80C_SE.fq.gz	DTU-GE	DTU_2024_1035973_100_SI_DTU_80C_SE
ERR15942151	PRJEB88111	ERP171251	SAMEA120581452	ERX15337696	ERA35261789	1502	Clostridium perfringens		WGS	RANDOM	224138	Metagenomics for detection of bacterial pathogens, antimicrobial resistance and virulence genes in diarrhoeal pigs	cfc855b7-37f7-4bf6-959b-2a2aafd1689a	webin-reads-DTU_2024_1035979_100_SI_CP_11D_SE	webin-reads-DTU_2024_1035979_100_SI_CP_11D_SE	21a2e15fd4f432cf0bae1c8e0f0bda1e	ftp.sra.ebi.ac.uk/vol1/fastq/ERR159/051/ERR15942151/ERR15942151.fastq.gz	1024360143	ftp.sra.ebi.ac.uk/vol1/run/ERR159/ERR15942151/DTU_2024_1035979_100_SI_CP_11D_SE.fq.gz	DTU-GE	DTU_2024_1035979_100_SI_CP_11D_SE
ERR15942156	PRJEB88111	ERP171251	SAMEA120581473	ERX15337701	ERA35261794	1502	Clostridium perfringens		WGS	RANDOM	201060	Metagenomics for detection of bacterial pathogens, antimicrobial resistance and virulence genes in diarrhoeal pigs	cfc855b7-37f7-4bf6-959b-2a2aafd1689a	webin-reads-DTU_2024_1036000_100_SI_CP_102A_SE	webin-reads-DTU_2024_1036000_100_SI_CP_102A_SE	69f705b88d9d6aafe8da59800c890ab2	ftp.sra.ebi.ac.uk/vol1/fastq/ERR159/056/ERR15942156/ERR15942156.fastq.gz	894765232	ftp.sra.ebi.ac.uk/vol1/run/ERR159/ERR15942156/DTU_2024_1036000_100_SI_CP_102A_SE.fq.gz	DTU-GE	DTU_2024_1036000_100_SI_CP_102A_SE
ERR15942166	PRJEB88111	ERP171251	SAMEA120581454	ERX15337711	ERA35261804	1502	Clostridium perfringens		WGS	RANDOM	318184	Metagenomics for detection of bacterial pathogens, antimicrobial resistance and virulence genes in diarrhoeal pigs	cfc855b7-37f7-4bf6-959b-2a2aafd1689a	webin-reads-DTU_2024_1035981_100_SI_CP_14A_SE	webin-reads-DTU_2024_1035981_100_SI_CP_14A_SE	fda51cc8cae921620f61ca73b34f85c8	ftp.sra.ebi.ac.uk/vol1/fastq/ERR159/066/ERR15942166/ERR15942166.fastq.gz	1346643370	ftp.sra.ebi.ac.uk/vol1/run/ERR159/ERR15942166/DTU_2024_1035981_100_SI_CP_14A_SE.fq.gz	DTU-GE	DTU_2024_1035981_100_SI_CP_14A_SE
ERR15942182	PRJEB88111	ERP171251	SAMEA120581461	ERX15337727	ERA35261820	1502	Clostridium perfringens		WGS	RANDOM	375734	Metagenomics for detection of bacterial pathogens, antimicrobial resistance and virulence genes in diarrhoeal pigs	cfc855b7-37f7-4bf6-959b-2a2aafd1689a	webin-reads-DTU_2024_1035988_100_SI_CP_50D_SE	webin-reads-DTU_2024_1035988_100_SI_CP_50D_SE	70f06f4e942411eb09e9bb932e09109e	ftp.sra.ebi.ac.uk/vol1/fastq/ERR159/082/ERR15942182/ERR15942182.fastq.gz	1566230624	ftp.sra.ebi.ac.uk/vol1/run/ERR159/ERR15942182/DTU_2024_1035988_100_SI_CP_50D_SE.fq.gz	DTU-GE	DTU_2024_1035988_100_SI_CP_50D_SE
ERR15942192	PRJEB88111	ERP171251	SAMEA120581458	ERX15337737	ERA35261830	1502	Clostridium perfringens		WGS	RANDOM	232694	Metagenomics for detection of bacterial pathogens, antimicrobial resistance and virulence genes in diarrhoeal pigs	cfc855b7-37f7-4bf6-959b-2a2aafd1689a	webin-reads-DTU_2024_1035985_100_SI_CP_32A_SE	webin-reads-DTU_2024_1035985_100_SI_CP_32A_SE	78b0ef987a6896b668adeb8cc09961a0	ftp.sra.ebi.ac.uk/vol1/fastq/ERR159/092/ERR15942192/ERR15942192.fastq.gz	938911349	ftp.sra.ebi.ac.uk/vol1/run/ERR159/ERR15942192/DTU_2024_1035985_100_SI_CP_32A_SE.fq.gz	DTU-GE	DTU_2024_1035985_100_SI_CP_32A_SE
ERR15942230	PRJEB88111	ERP171251	SAMEA120581449	ERX15337775	ERA35261868	562	Escherichia coli		WGS	RANDOM	128012	Metagenomics for detection of bacterial pathogens, antimicrobial resistance and virulence genes in diarrhoeal pigs	cfc855b7-37f7-4bf6-959b-2a2aafd1689a	webin-reads-DTU_2024_1035976_100_SI_DTU_88A_SE	webin-reads-DTU_2024_1035976_100_SI_DTU_88A_SE	794b1fb700c2c70059157fd1845a018d	ftp.sra.ebi.ac.uk/vol1/fastq/ERR159/030/ERR15942230/ERR15942230.fastq.gz	735744614	ftp.sra.ebi.ac.uk/vol1/run/ERR159/ERR15942230/DTU_2024_1035976_100_SI_DTU_88A_SE.fq.gz	DTU-GE	DTU_2024_1035976_100_SI_DTU_88A_SE
ERR15909871	PRJEB88111	ERP171251	SAMEA120577456	ERX15305645	ERA35258665	9823	Sus scrofa		WGS	RANDOM	460036	Metagenomics for detection of bacterial pathogens, antimicrobial resistance and virulence genes in diarrhoeal pigs	cfc855b7-37f7-4bf6-959b-2a2aafd1689a	webin-reads-DTU_2025_1036887_101_MG_LVK_60_SE	webin-reads-DTU_2025_1036887_101_MG_LVK_60_SE	3c8b433d62d05f764073226ec4b4ad56	ftp.sra.ebi.ac.uk/vol1/fastq/ERR159/071/ERR15909871/ERR15909871.fastq.gz	839174732	ftp.sra.ebi.ac.uk/vol1/run/ERR159/ERR15909871/DTU_2025_1036887_101_MG_LVK_60_SE.fq.gz	DTU-GE	DTU_2025_1036887_101_MG_LVK_60_SE
ERR15909877	PRJEB88111	ERP171251	SAMEA120577477	ERX15305651	ERA35258672	9823	Sus scrofa		WGS	RANDOM	146364	Metagenomics for detection of bacterial pathogens, antimicrobial resistance and virulence genes in diarrhoeal pigs	cfc855b7-37f7-4bf6-959b-2a2aafd1689a	webin-reads-DTU_2025_1036889_101_MG_LVK_74_SE	webin-reads-DTU_2025_1036889_101_MG_LVK_74_SE	0591b0fc833033d0acc1f205ae10bd46	ftp.sra.ebi.ac.uk/vol1/fastq/ERR159/077/ERR15909877/ERR15909877.fastq.gz	171466457	ftp.sra.ebi.ac.uk/vol1/run/ERR159/ERR15909877/DTU_2025_1036889_101_MG_LVK_74_SE.fq.gz	DTU-GE	DTU_2025_1036889_101_MG_LVK_74_SE
ERR15909889	PRJEB88111	ERP171251	SAMEA120577460	ERX15305663	ERA35258685	9823	Sus scrofa		WGS	RANDOM	75645	Metagenomics for detection of bacterial pathogens, antimicrobial resistance and virulence genes in diarrhoeal pigs	cfc855b7-37f7-4bf6-959b-2a2aafd1689a	webin-reads-DTU_2025_1037645_101_MG_LVK_73_SE	webin-reads-DTU_2025_1037645_101_MG_LVK_73_SE	d8797fe3ad4c29813f7a4873e58583b3	ftp.sra.ebi.ac.uk/vol1/fastq/ERR159/089/ERR15909889/ERR15909889.fastq.gz	148114661	ftp.sra.ebi.ac.uk/vol1/run/ERR159/ERR15909889/DTU_2025_1037645_101_MG_LVK_73_SE.fq.gz	DTU-GE	DTU_2025_1037645_101_MG_LVK_73_SE
ERR15934513	PRJEB88111	ERP171251	SAMEA120577446	ERX15330177	ERA35259867	9823	Sus scrofa		WGS	RANDOM	15279462	Metagenomics for detection of bacterial pathogens, antimicrobial resistance and virulence genes in diarrhoeal pigs	cfc855b7-37f7-4bf6-959b-2a2aafd1689a	webin-reads-DTU_2024_1036907_100_MG_ID_3066_W_F150_21_SE	webin-reads-DTU_2024_1036907_100_MG_ID_3066_W_F150_21_SE	0515d85ffb0aaf504fb50ef3af85edf4	ftp.sra.ebi.ac.uk/vol1/fastq/ERR159/013/ERR15934513/ERR15934513.fastq.gz	45784961320	ftp.sra.ebi.ac.uk/vol1/run/ERR159/ERR15934513/DTU_2024_1036907_100_MG_ID_3066_W_F150_21_SE.fq.gz	DTU-GE	DTU_2024_1036907_100_MG_ID_3066_W_F150_21_SE
ERR15934516	PRJEB88111	ERP171251	SAMEA120577437	ERX15330180	ERA35259935	9823	Sus scrofa		WGS	RANDOM	9461712	Metagenomics for detection of bacterial pathogens, antimicrobial resistance and virulence genes in diarrhoeal pigs	cfc855b7-37f7-4bf6-959b-2a2aafd1689a	webin-reads-DTU_2024_1036892_100_MG_LVK_80_SE	webin-reads-DTU_2024_1036892_100_MG_LVK_80_SE	c449b768c653ba5662e578734d86d5f3	ftp.sra.ebi.ac.uk/vol1/fastq/ERR159/016/ERR15934516/ERR15934516.fastq.gz	18649172350	ftp.sra.ebi.ac.uk/vol1/run/ERR159/ERR15934516/DTU_2024_1036892_100_MG_LVK_80_SE.fq.gz	DTU-GE	DTU_2024_1036892_100_MG_LVK_80_SE
ERR15934783	PRJEB88111	ERP171251	SAMEA120577442	ERX15330447	ERA35260200	9823	Sus scrofa		WGS	RANDOM	7444072	Metagenomics for detection of bacterial pathogens, antimicrobial resistance and virulence genes in diarrhoeal pigs	cfc855b7-37f7-4bf6-959b-2a2aafd1689a	webin-reads-DTU_2024_1036902_100_MG_ID_262_W_F146_6_SE	webin-reads-DTU_2024_1036902_100_MG_ID_262_W_F146_6_SE	f7b5063710bfb9792011fbc41e1420a3	ftp.sra.ebi.ac.uk/vol1/fastq/ERR159/083/ERR15934783/ERR15934783.fastq.gz	16390632978	ftp.sra.ebi.ac.uk/vol1/run/ERR159/ERR15934783/DTU_2024_1036902_100_MG_ID_262_W_F146_6_SE.fq.gz	DTU-GE	DTU_2024_1036902_100_MG_ID_262_W_F146_6_SE
ERR15934865	PRJEB88111	ERP171251	SAMEA120577424	ERX15330493	ERA35260237	9823	Sus scrofa		WGS	RANDOM	9597516	Metagenomics for detection of bacterial pathogens, antimicrobial resistance and virulence genes in diarrhoeal pigs	cfc855b7-37f7-4bf6-959b-2a2aafd1689a	webin-reads-DTU_2024_1036881_100_MG_LVK_17_SE	webin-reads-DTU_2024_1036881_100_MG_LVK_17_SE	e81bf62eef1312a7a8f20e31f10ed9d5	ftp.sra.ebi.ac.uk/vol1/fastq/ERR159/065/ERR15934865/ERR15934865.fastq.gz	33740188594	ftp.sra.ebi.ac.uk/vol1/run/ERR159/ERR15934865/DTU_2024_1036881_100_MG_LVK_17_SE.fq.gz	DTU-GE	DTU_2024_1036881_100_MG_LVK_17_SE
ERR15934927	PRJEB88111	ERP171251	SAMEA120577449	ERX15330555	ERA35260385	9823	Sus scrofa		WGS	RANDOM	7993370	Metagenomics for detection of bacterial pathogens, antimicrobial resistance and virulence genes in diarrhoeal pigs	cfc855b7-37f7-4bf6-959b-2a2aafd1689a	webin-reads-DTU_2024_1036906_100_MG_ID_3066_W_F150_12_SE	webin-reads-DTU_2024_1036906_100_MG_ID_3066_W_F150_12_SE	cc9e49bd6d4cab37915bf89812426a5c	ftp.sra.ebi.ac.uk/vol1/fastq/ERR159/027/ERR15934927/ERR15934927.fastq.gz	26377352554	ftp.sra.ebi.ac.uk/vol1/run/ERR159/ERR15934927/DTU_2024_1036906_100_MG_ID_3066_W_F150_12_SE.fq.gz	DTU-GE	DTU_2024_1036906_100_MG_ID_3066_W_F150_12_SE
ERR15935028	PRJEB88111	ERP171251	SAMEA120577432	ERX15330656	ERA35260438	9823	Sus scrofa		WGS	RANDOM	9304321	Metagenomics for detection of bacterial pathogens, antimicrobial resistance and virulence genes in diarrhoeal pigs	cfc855b7-37f7-4bf6-959b-2a2aafd1689a	webin-reads-DTU_2024_1036894_100_MG_LVK_83_SE	webin-reads-DTU_2024_1036894_100_MG_LVK_83_SE	3c29d937636f84e710054cfcc614fe5e	ftp.sra.ebi.ac.uk/vol1/fastq/ERR159/028/ERR15935028/ERR15935028.fastq.gz	20110081468	ftp.sra.ebi.ac.uk/vol1/run/ERR159/ERR15935028/DTU_2024_1036894_100_MG_LVK_83_SE.fq.gz	DTU-GE	DTU_2024_1036894_100_MG_LVK_83_SE
ERR15935141	PRJEB88111	ERP171251	SAMEA120577435	ERX15330769	ERA35260610	9823	Sus scrofa		WGS	RANDOM	7018733	Metagenomics for detection of bacterial pathogens, antimicrobial resistance and virulence genes in diarrhoeal pigs	cfc855b7-37f7-4bf6-959b-2a2aafd1689a	webin-reads-DTU_2024_1036890_100_MG_LVK_76_SE	webin-reads-DTU_2024_1036890_100_MG_LVK_76_SE	167e7bcf633d6f06b554a47afc10f4db	ftp.sra.ebi.ac.uk/vol1/fastq/ERR159/041/ERR15935141/ERR15935141.fastq.gz	26303324585	ftp.sra.ebi.ac.uk/vol1/run/ERR159/ERR15935141/DTU_2024_1036890_100_MG_LVK_76_SE.fq.gz	DTU-GE	DTU_2024_1036890_100_MG_LVK_76_SE
ERR15935218	PRJEB88111	ERP171251	SAMEA120577426	ERX15330846	ERA35260618	9823	Sus scrofa		WGS	RANDOM	5055839	Metagenomics for detection of bacterial pathogens, antimicrobial resistance and virulence genes in diarrhoeal pigs	cfc855b7-37f7-4bf6-959b-2a2aafd1689a	webin-reads-DTU_2024_1036882_100_MG_LVK_42_SE	webin-reads-DTU_2024_1036882_100_MG_LVK_42_SE	5a634a3aa047b9d5604ab373a05d67f9	ftp.sra.ebi.ac.uk/vol1/fastq/ERR159/018/ERR15935218/ERR15935218.fastq.gz	16763690172	ftp.sra.ebi.ac.uk/vol1/run/ERR159/ERR15935218/DTU_2024_1036882_100_MG_LVK_42_SE.fq.gz	DTU-GE	DTU_2024_1036882_100_MG_LVK_42_SE
ERR15936552	PRJEB88111	ERP171251	SAMEA120577448	ERX15332150	ERA35260680	9823	Sus scrofa		WGS	RANDOM	6930698	Metagenomics for detection of bacterial pathogens, antimicrobial resistance and virulence genes in diarrhoeal pigs	cfc855b7-37f7-4bf6-959b-2a2aafd1689a	webin-reads-DTU_2024_1036904_100_MG_ID_1188_W_F139_2_SE	webin-reads-DTU_2024_1036904_100_MG_ID_1188_W_F139_2_SE	1061072d42fd572a3df017fe0ed597ef	ftp.sra.ebi.ac.uk/vol1/fastq/ERR159/052/ERR15936552/ERR15936552.fastq.gz	28192369718	ftp.sra.ebi.ac.uk/vol1/run/ERR159/ERR15936552/DTU_2024_1036904_100_MG_ID_1188_W_F139_2_SE.fq.gz	DTU-GE	DTU_2024_1036904_100_MG_ID_1188_W_F139_2_SE
ERR15941696	PRJEB88111	ERP171251	SAMEA120581432	ERX15337241	ERA35261322	562	Escherichia coli		WGS	RANDOM	116233	Metagenomics for detection of bacterial pathogens, antimicrobial resistance and virulence genes in diarrhoeal pigs	cfc855b7-37f7-4bf6-959b-2a2aafd1689a	webin-reads-DTU_2024_1035959_100_SI_LVK_80_SE	webin-reads-DTU_2024_1035959_100_SI_LVK_80_SE	55d6a3625095bd4fdbd3638162bbe6e4	ftp.sra.ebi.ac.uk/vol1/fastq/ERR159/096/ERR15941696/ERR15941696.fastq.gz	729293952	ftp.sra.ebi.ac.uk/vol1/run/ERR159/ERR15941696/DTU_2024_1035959_100_SI_LVK_80_SE.fq.gz	DTU-GE	DTU_2024_1035959_100_SI_LVK_80_SE
ERR15941760	PRJEB88111	ERP171251	SAMEA120581451	ERX15337305	ERA35261386	1502	Clostridium perfringens		WGS	RANDOM	225944	Metagenomics for detection of bacterial pathogens, antimicrobial resistance and virulence genes in diarrhoeal pigs	cfc855b7-37f7-4bf6-959b-2a2aafd1689a	webin-reads-DTU_2024_1035978_100_SI_CP_10C_SE	webin-reads-DTU_2024_1035978_100_SI_CP_10C_SE	db7c2564c3f2b65d2e03f4eb0b58b91b	ftp.sra.ebi.ac.uk/vol1/fastq/ERR159/060/ERR15941760/ERR15941760.fastq.gz	1161902916	ftp.sra.ebi.ac.uk/vol1/run/ERR159/ERR15941760/DTU_2024_1035978_100_SI_CP_10C_SE.fq.gz	DTU-GE	DTU_2024_1035978_100_SI_CP_10C_SE
ERR15942141	PRJEB88111	ERP171251	SAMEA120581444	ERX15337686	ERA35261774	562	Escherichia coli		WGS	RANDOM	233647	Metagenomics for detection of bacterial pathogens, antimicrobial resistance and virulence genes in diarrhoeal pigs	cfc855b7-37f7-4bf6-959b-2a2aafd1689a	webin-reads-DTU_2024_1035971_100_SI_DTU_76C_SE	webin-reads-DTU_2024_1035971_100_SI_DTU_76C_SE	76198fe443a948e5f3058ab873425a41	ftp.sra.ebi.ac.uk/vol1/fastq/ERR159/041/ERR15942141/ERR15942141.fastq.gz	1110901488	ftp.sra.ebi.ac.uk/vol1/run/ERR159/ERR15942141/DTU_2024_1035971_100_SI_DTU_76C_SE.fq.gz	DTU-GE	DTU_2024_1035971_100_SI_DTU_76C_SE
ERR15942144	PRJEB88111	ERP171251	SAMEA120581472	ERX15337689	ERA35261777	1502	Clostridium perfringens		WGS	RANDOM	152812	Metagenomics for detection of bacterial pathogens, antimicrobial resistance and virulence genes in diarrhoeal pigs	cfc855b7-37f7-4bf6-959b-2a2aafd1689a	webin-reads-DTU_2024_1035999_100_SI_CP_100B_SE	webin-reads-DTU_2024_1035999_100_SI_CP_100B_SE	0882fe30e2491102ca406db90d5c605c	ftp.sra.ebi.ac.uk/vol1/fastq/ERR159/044/ERR15942144/ERR15942144.fastq.gz	855869818	ftp.sra.ebi.ac.uk/vol1/run/ERR159/ERR15942144/DTU_2024_1035999_100_SI_CP_100B_SE.fq.gz	DTU-GE	DTU_2024_1035999_100_SI_CP_100B_SE
ERR15942159	PRJEB88111	ERP171251	SAMEA120581463	ERX15337704	ERA35261797	1502	Clostridium perfringens		WGS	RANDOM	329453	Metagenomics for detection of bacterial pathogens, antimicrobial resistance and virulence genes in diarrhoeal pigs	cfc855b7-37f7-4bf6-959b-2a2aafd1689a	webin-reads-DTU_2024_1035990_100_SI_CP_59B_SE	webin-reads-DTU_2024_1035990_100_SI_CP_59B_SE	9c412fb1cd5614121cfb4aa51af3b8e1	ftp.sra.ebi.ac.uk/vol1/fastq/ERR159/059/ERR15942159/ERR15942159.fastq.gz	1374843911	ftp.sra.ebi.ac.uk/vol1/run/ERR159/ERR15942159/DTU_2024_1035990_100_SI_CP_59B_SE.fq.gz	DTU-GE	DTU_2024_1035990_100_SI_CP_59B_SE
ERR15942204	PRJEB88111	ERP171251	SAMEA120581470	ERX15337749	ERA35261842	1502	Clostridium perfringens		WGS	RANDOM	185902	Metagenomics for detection of bacterial pathogens, antimicrobial resistance and virulence genes in diarrhoeal pigs	cfc855b7-37f7-4bf6-959b-2a2aafd1689a	webin-reads-DTU_2024_1035997_100_SI_CP_94C_SE	webin-reads-DTU_2024_1035997_100_SI_CP_94C_SE	4b554ee38ae6dcebdaa73a316945fc8b	ftp.sra.ebi.ac.uk/vol1/fastq/ERR159/004/ERR15942204/ERR15942204.fastq.gz	964345655	ftp.sra.ebi.ac.uk/vol1/run/ERR159/ERR15942204/DTU_2024_1035997_100_SI_CP_94C_SE.fq.gz	DTU-GE	DTU_2024_1035997_100_SI_CP_94C_SE
ERR15942208	PRJEB88111	ERP171251	SAMEA120581433	ERX15337753	ERA35261846	562	Escherichia coli		WGS	RANDOM	103387	Metagenomics for detection of bacterial pathogens, antimicrobial resistance and virulence genes in diarrhoeal pigs	cfc855b7-37f7-4bf6-959b-2a2aafd1689a	webin-reads-DTU_2024_1035960_100_SI_LVK_83_SE	webin-reads-DTU_2024_1035960_100_SI_LVK_83_SE	2f4a8a50635a81738ce84c442c93bf98	ftp.sra.ebi.ac.uk/vol1/fastq/ERR159/008/ERR15942208/ERR15942208.fastq.gz	620039829	ftp.sra.ebi.ac.uk/vol1/run/ERR159/ERR15942208/DTU_2024_1035960_100_SI_LVK_83_SE.fq.gz	DTU-GE	DTU_2024_1035960_100_SI_LVK_83_SE
ERR15909875	PRJEB88111	ERP171251	SAMEA120577455	ERX15305649	ERA35258670	9823	Sus scrofa		WGS	RANDOM	933197	Metagenomics for detection of bacterial pathogens, antimicrobial resistance and virulence genes in diarrhoeal pigs	cfc855b7-37f7-4bf6-959b-2a2aafd1689a	webin-reads-DTU_2025_1036884_101_MG_LVK_48_SE	webin-reads-DTU_2025_1036884_101_MG_LVK_48_SE	f18327255096998e3e3b0e08b1adc7c3	ftp.sra.ebi.ac.uk/vol1/fastq/ERR159/075/ERR15909875/ERR15909875.fastq.gz	1349481282	ftp.sra.ebi.ac.uk/vol1/run/ERR159/ERR15909875/DTU_2025_1036884_101_MG_LVK_48_SE.fq.gz	DTU-GE	DTU_2025_1036884_101_MG_LVK_48_SE
ERR15909883	PRJEB88111	ERP171251	SAMEA120577457	ERX15305657	ERA35258678	9823	Sus scrofa		WGS	RANDOM	439524	Metagenomics for detection of bacterial pathogens, antimicrobial resistance and virulence genes in diarrhoeal pigs	cfc855b7-37f7-4bf6-959b-2a2aafd1689a	webin-reads-DTU_2025_1036894_101_MG_LVK_83_SE	webin-reads-DTU_2025_1036894_101_MG_LVK_83_SE	beff80cb4e9d47a82b26c6b953be8fe2	ftp.sra.ebi.ac.uk/vol1/fastq/ERR159/083/ERR15909883/ERR15909883.fastq.gz	575125110	ftp.sra.ebi.ac.uk/vol1/run/ERR159/ERR15909883/DTU_2025_1036894_101_MG_LVK_83_SE.fq.gz	DTU-GE	DTU_2025_1036894_101_MG_LVK_83_SE
ERR15934505	PRJEB88111	ERP171251	SAMEA120577450	ERX15330169	ERA35259828	9823	Sus scrofa		WGS	RANDOM	1579898	Metagenomics for detection of bacterial pathogens, antimicrobial resistance and virulence genes in diarrhoeal pigs	cfc855b7-37f7-4bf6-959b-2a2aafd1689a	webin-reads-DTU_2025_1037643_100_MG_LVK_8_SE	webin-reads-DTU_2025_1037643_100_MG_LVK_8_SE	8fc17879c433204320b03278daa2e2bf	ftp.sra.ebi.ac.uk/vol1/fastq/ERR159/005/ERR15934505/ERR15934505.fastq.gz	7163943298	ftp.sra.ebi.ac.uk/vol1/run/ERR159/ERR15934505/DTU_2025_1037643_100_MG_LVK_8_SE.fq.gz	DTU-GE	DTU_2025_1037643_100_MG_LVK_8_SE
ERR15934764	PRJEB88111	ERP171251	SAMEA120577445	ERX15330428	ERA35260161	9823	Sus scrofa		WGS	RANDOM	6658378	Metagenomics for detection of bacterial pathogens, antimicrobial resistance and virulence genes in diarrhoeal pigs	cfc855b7-37f7-4bf6-959b-2a2aafd1689a	webin-reads-DTU_2024_1036903_100_MG_ID_262_W_F146_11_SE	webin-reads-DTU_2024_1036903_100_MG_ID_262_W_F146_11_SE	017f8f17bd39c3e7654f46d179fb3663	ftp.sra.ebi.ac.uk/vol1/fastq/ERR159/064/ERR15934764/ERR15934764.fastq.gz	16665850109	ftp.sra.ebi.ac.uk/vol1/run/ERR159/ERR15934764/DTU_2024_1036903_100_MG_ID_262_W_F146_11_SE.fq.gz	DTU-GE	DTU_2024_1036903_100_MG_ID_262_W_F146_11_SE
ERR15934787	PRJEB88111	ERP171251	SAMEA120577451	ERX15330451	ERA35260207	9823	Sus scrofa		WGS	RANDOM	2651955	Metagenomics for detection of bacterial pathogens, antimicrobial resistance and virulence genes in diarrhoeal pigs	cfc855b7-37f7-4bf6-959b-2a2aafd1689a	webin-reads-DTU_2025_1037645_100_MG_LVK_73_SE	webin-reads-DTU_2025_1037645_100_MG_LVK_73_SE	1c1522fefc775ff55b5f5bfdfefa70d3	ftp.sra.ebi.ac.uk/vol1/fastq/ERR159/087/ERR15934787/ERR15934787.fastq.gz	9479587076	ftp.sra.ebi.ac.uk/vol1/run/ERR159/ERR15934787/DTU_2025_1037645_100_MG_LVK_73_SE.fq.gz	DTU-GE	DTU_2025_1037645_100_MG_LVK_73_SE
ERR15935285	PRJEB88111	ERP171251	SAMEA120577438	ERX15330913	ERA35260624	9823	Sus scrofa		WGS	RANDOM	4800509	Metagenomics for detection of bacterial pathogens, antimicrobial resistance and virulence genes in diarrhoeal pigs	cfc855b7-37f7-4bf6-959b-2a2aafd1689a	webin-reads-DTU_2024_1036898_100_MG_LVK_98_SE	webin-reads-DTU_2024_1036898_100_MG_LVK_98_SE	0fd8da78994ceac55f71bdd580eaa83a	ftp.sra.ebi.ac.uk/vol1/fastq/ERR159/085/ERR15935285/ERR15935285.fastq.gz	10157835448	ftp.sra.ebi.ac.uk/vol1/run/ERR159/ERR15935285/DTU_2024_1036898_100_MG_LVK_98_SE.fq.gz	DTU-GE	DTU_2024_1036898_100_MG_LVK_98_SE
ERR15935578	PRJEB88111	ERP171251	SAMEA120577443	ERX15331184	ERA35260632	9823	Sus scrofa		WGS	RANDOM	10750262	Metagenomics for detection of bacterial pathogens, antimicrobial resistance and virulence genes in diarrhoeal pigs	cfc855b7-37f7-4bf6-959b-2a2aafd1689a	webin-reads-DTU_2024_1036900_100_MG_LVK_102_SE	webin-reads-DTU_2024_1036900_100_MG_LVK_102_SE	28ec7ae519b3e546889dbb5326c917d6	ftp.sra.ebi.ac.uk/vol1/fastq/ERR159/078/ERR15935578/ERR15935578.fastq.gz	16652826935	ftp.sra.ebi.ac.uk/vol1/run/ERR159/ERR15935578/DTU_2024_1036900_100_MG_LVK_102_SE.fq.gz	DTU-GE	DTU_2024_1036900_100_MG_LVK_102_SE
ERR15935750	PRJEB88111	ERP171251	SAMEA120577440	ERX15331356	ERA35260635	9823	Sus scrofa		WGS	RANDOM	4193625	Metagenomics for detection of bacterial pathogens, antimicrobial resistance and virulence genes in diarrhoeal pigs	cfc855b7-37f7-4bf6-959b-2a2aafd1689a	webin-reads-DTU_2024_1036896_100_MG_LVK_94_SE	webin-reads-DTU_2024_1036896_100_MG_LVK_94_SE	80c6fab77694378ccdc6618a8bb5f0c7	ftp.sra.ebi.ac.uk/vol1/fastq/ERR159/050/ERR15935750/ERR15935750.fastq.gz	14782159569	ftp.sra.ebi.ac.uk/vol1/run/ERR159/ERR15935750/DTU_2024_1036896_100_MG_LVK_94_SE.fq.gz	DTU-GE	DTU_2024_1036896_100_MG_LVK_94_SE
ERR15936522	PRJEB88111	ERP171251	SAMEA120577425	ERX15332128	ERA35260665	9823	Sus scrofa		WGS	RANDOM	7384253	Metagenomics for detection of bacterial pathogens, antimicrobial resistance and virulence genes in diarrhoeal pigs	cfc855b7-37f7-4bf6-959b-2a2aafd1689a	webin-reads-DTU_2024_1036883_100_MG_LVK_43_SE	webin-reads-DTU_2024_1036883_100_MG_LVK_43_SE	a37515886003033cc93a5ec84b0e7a48	ftp.sra.ebi.ac.uk/vol1/fastq/ERR159/022/ERR15936522/ERR15936522.fastq.gz	26075047582	ftp.sra.ebi.ac.uk/vol1/run/ERR159/ERR15936522/DTU_2024_1036883_100_MG_LVK_43_SE.fq.gz	DTU-GE	DTU_2024_1036883_100_MG_LVK_43_SE
ERR15941693	PRJEB88111	ERP171251	SAMEA120581460	ERX15337238	ERA35261319	1502	Clostridium perfringens		WGS	RANDOM	344322	Metagenomics for detection of bacterial pathogens, antimicrobial resistance and virulence genes in diarrhoeal pigs	cfc855b7-37f7-4bf6-959b-2a2aafd1689a	webin-reads-DTU_2024_1035987_100_SI_CP_46A_SE	webin-reads-DTU_2024_1035987_100_SI_CP_46A_SE	5b41dc664a8d5e05102bb5b9d65de520	ftp.sra.ebi.ac.uk/vol1/fastq/ERR159/093/ERR15941693/ERR15941693.fastq.gz	1472153481	ftp.sra.ebi.ac.uk/vol1/run/ERR159/ERR15941693/DTU_2024_1035987_100_SI_CP_46A_SE.fq.gz	DTU-GE	DTU_2024_1035987_100_SI_CP_46A_SE
ERR15941754	PRJEB88111	ERP171251	SAMEA120581426	ERX15337299	ERA35261380	562	Escherichia coli		WGS	RANDOM	232012	Metagenomics for detection of bacterial pathogens, antimicrobial resistance and virulence genes in diarrhoeal pigs	cfc855b7-37f7-4bf6-959b-2a2aafd1689a	webin-reads-DTU_2024_1035952_100_SI_LVK_11_SE	webin-reads-DTU_2024_1035952_100_SI_LVK_11_SE	6e17c20e18d1ee5ca3b3a0f4c2172bf8	ftp.sra.ebi.ac.uk/vol1/fastq/ERR159/054/ERR15941754/ERR15941754.fastq.gz	1107943396	ftp.sra.ebi.ac.uk/vol1/run/ERR159/ERR15941754/DTU_2024_1035952_100_SI_LVK_11_SE.fq.gz	DTU-GE	DTU_2024_1035952_100_SI_LVK_11_SE
ERR15942126	PRJEB88111	ERP171251	SAMEA120581471	ERX15337671	ERA35261759	1502	Clostridium perfringens		WGS	RANDOM	283934	Metagenomics for detection of bacterial pathogens, antimicrobial resistance and virulence genes in diarrhoeal pigs	cfc855b7-37f7-4bf6-959b-2a2aafd1689a	webin-reads-DTU_2024_1035998_100_SI_CP_97A_SE	webin-reads-DTU_2024_1035998_100_SI_CP_97A_SE	c5efe52d999632a23c36ef7596e9af9b	ftp.sra.ebi.ac.uk/vol1/fastq/ERR159/026/ERR15942126/ERR15942126.fastq.gz	1272079822	ftp.sra.ebi.ac.uk/vol1/run/ERR159/ERR15942126/DTU_2024_1035998_100_SI_CP_97A_SE.fq.gz	DTU-GE	DTU_2024_1035998_100_SI_CP_97A_SE
ERR15942129	PRJEB88111	ERP171251	SAMEA120581448	ERX15337674	ERA35261762	562	Escherichia coli		WGS	RANDOM	131539	Metagenomics for detection of bacterial pathogens, antimicrobial resistance and virulence genes in diarrhoeal pigs	cfc855b7-37f7-4bf6-959b-2a2aafd1689a	webin-reads-DTU_2024_1035975_100_SI_DTU_83A_SE	webin-reads-DTU_2024_1035975_100_SI_DTU_83A_SE	1b90dfa6133aadf8dffed2b2e377d5ce	ftp.sra.ebi.ac.uk/vol1/fastq/ERR159/029/ERR15942129/ERR15942129.fastq.gz	760627846	ftp.sra.ebi.ac.uk/vol1/run/ERR159/ERR15942129/DTU_2024_1035975_100_SI_DTU_83A_SE.fq.gz	DTU-GE	DTU_2024_1035975_100_SI_DTU_83A_SE
ERR15942135	PRJEB88111	ERP171251	SAMEA120581434	ERX15337680	ERA35261768	562	Escherichia coli		WGS	RANDOM	146625	Metagenomics for detection of bacterial pathogens, antimicrobial resistance and virulence genes in diarrhoeal pigs	cfc855b7-37f7-4bf6-959b-2a2aafd1689a	webin-reads-DTU_2024_1035961_100_SI_LVK_94_SE	webin-reads-DTU_2024_1035961_100_SI_LVK_94_SE	25270a24d42f388453298890ee842866	ftp.sra.ebi.ac.uk/vol1/fastq/ERR159/035/ERR15942135/ERR15942135.fastq.gz	809140043	ftp.sra.ebi.ac.uk/vol1/run/ERR159/ERR15942135/DTU_2024_1035961_100_SI_LVK_94_SE.fq.gz	DTU-GE	DTU_2024_1035961_100_SI_LVK_94_SE
ERR15942138	PRJEB88111	ERP171251	SAMEA120581456	ERX15337683	ERA35261771	1502	Clostridium perfringens		WGS	RANDOM	162194	Metagenomics for detection of bacterial pathogens, antimicrobial resistance and virulence genes in diarrhoeal pigs	cfc855b7-37f7-4bf6-959b-2a2aafd1689a	webin-reads-DTU_2024_1035983_100_SI_CP_26D_SE	webin-reads-DTU_2024_1035983_100_SI_CP_26D_SE	fd6e76f25dd31066ac799af914297d74	ftp.sra.ebi.ac.uk/vol1/fastq/ERR159/038/ERR15942138/ERR15942138.fastq.gz	867848373	ftp.sra.ebi.ac.uk/vol1/run/ERR159/ERR15942138/DTU_2024_1035983_100_SI_CP_26D_SE.fq.gz	DTU-GE	DTU_2024_1035983_100_SI_CP_26D_SE
ERR15942153	PRJEB88111	ERP171251	SAMEA120581427	ERX15337698	ERA35261791	562	Escherichia coli		WGS	RANDOM	107803	Metagenomics for detection of bacterial pathogens, antimicrobial resistance and virulence genes in diarrhoeal pigs	cfc855b7-37f7-4bf6-959b-2a2aafd1689a	webin-reads-DTU_2024_1035954_100_SI_LVK_43_SE	webin-reads-DTU_2024_1035954_100_SI_LVK_43_SE	1cba580ec1d6e15af5061fb611fbe4bb	ftp.sra.ebi.ac.uk/vol1/fastq/ERR159/053/ERR15942153/ERR15942153.fastq.gz	629066081	ftp.sra.ebi.ac.uk/vol1/run/ERR159/ERR15942153/DTU_2024_1035954_100_SI_LVK_43_SE.fq.gz	DTU-GE	DTU_2024_1035954_100_SI_LVK_43_SE
ERR15942168	PRJEB88111	ERP171251	SAMEA120581438	ERX15337713	ERA35261806	562	Escherichia coli		WGS	RANDOM	219098	Metagenomics for detection of bacterial pathogens, antimicrobial resistance and virulence genes in diarrhoeal pigs	cfc855b7-37f7-4bf6-959b-2a2aafd1689a	webin-reads-DTU_2024_1035965_100_SI_LVK_103_SE	webin-reads-DTU_2024_1035965_100_SI_LVK_103_SE	21bb08de5f98eadff5d76370a8844b66	ftp.sra.ebi.ac.uk/vol1/fastq/ERR159/068/ERR15942168/ERR15942168.fastq.gz	1004991341	ftp.sra.ebi.ac.uk/vol1/run/ERR159/ERR15942168/DTU_2024_1035965_100_SI_LVK_103_SE.fq.gz	DTU-GE	DTU_2024_1035965_100_SI_LVK_103_SE
ERR15942175	PRJEB88111	ERP171251	SAMEA120581439	ERX15337720	ERA35261813	562	Escherichia coli		WGS	RANDOM	279904	Metagenomics for detection of bacterial pathogens, antimicrobial resistance and virulence genes in diarrhoeal pigs	cfc855b7-37f7-4bf6-959b-2a2aafd1689a	webin-reads-DTU_2024_1035966_100_SI_DTU_42C_SE	webin-reads-DTU_2024_1035966_100_SI_DTU_42C_SE	971b8cb1894b7b0e0947ad6aa18f6bf5	ftp.sra.ebi.ac.uk/vol1/fastq/ERR159/075/ERR15942175/ERR15942175.fastq.gz	1167854076	ftp.sra.ebi.ac.uk/vol1/run/ERR159/ERR15942175/DTU_2024_1035966_100_SI_DTU_42C_SE.fq.gz	DTU-GE	DTU_2024_1035966_100_SI_DTU_42C_SE
ERR15942178	PRJEB88111	ERP171251	SAMEA120581469	ERX15337723	ERA35261816	1502	Clostridium perfringens		WGS	RANDOM	351788	Metagenomics for detection of bacterial pathogens, antimicrobial resistance and virulence genes in diarrhoeal pigs	cfc855b7-37f7-4bf6-959b-2a2aafd1689a	webin-reads-DTU_2024_1035996_100_SI_CP_93B_SE	webin-reads-DTU_2024_1035996_100_SI_CP_93B_SE	e7388d5b2f9dc63c6ebf68bf460265f6	ftp.sra.ebi.ac.uk/vol1/fastq/ERR159/078/ERR15942178/ERR15942178.fastq.gz	1437014758	ftp.sra.ebi.ac.uk/vol1/run/ERR159/ERR15942178/DTU_2024_1035996_100_SI_CP_93B_SE.fq.gz	DTU-GE	DTU_2024_1035996_100_SI_CP_93B_SE
ERR15942189	PRJEB88111	ERP171251	SAMEA120581436	ERX15337734	ERA35261827	562	Escherichia coli		WGS	RANDOM	288435	Metagenomics for detection of bacterial pathogens, antimicrobial resistance and virulence genes in diarrhoeal pigs	cfc855b7-37f7-4bf6-959b-2a2aafd1689a	webin-reads-DTU_2024_1035963_100_SI_LVK_98_SE	webin-reads-DTU_2024_1035963_100_SI_LVK_98_SE	658b11545e119ca9bd6572cd30e39176	ftp.sra.ebi.ac.uk/vol1/fastq/ERR159/089/ERR15942189/ERR15942189.fastq.gz	1239413885	ftp.sra.ebi.ac.uk/vol1/run/ERR159/ERR15942189/DTU_2024_1035963_100_SI_LVK_98_SE.fq.gz	DTU-GE	DTU_2024_1035963_100_SI_LVK_98_SE
ERR15942197	PRJEB88111	ERP171251	SAMEA120581465	ERX15337742	ERA35261835	1502	Clostridium perfringens		WGS	RANDOM	330534	Metagenomics for detection of bacterial pathogens, antimicrobial resistance and virulence genes in diarrhoeal pigs	cfc855b7-37f7-4bf6-959b-2a2aafd1689a	webin-reads-DTU_2024_1035992_100_SI_CP_61B_SE	webin-reads-DTU_2024_1035992_100_SI_CP_61B_SE	7e8ed4df247b18dd037b2d0dd9b44ade	ftp.sra.ebi.ac.uk/vol1/fastq/ERR159/097/ERR15942197/ERR15942197.fastq.gz	1367159513	ftp.sra.ebi.ac.uk/vol1/run/ERR159/ERR15942197/DTU_2024_1035992_100_SI_CP_61B_SE.fq.gz	DTU-GE	DTU_2024_1035992_100_SI_CP_61B_SE
ERR15942200	PRJEB88111	ERP171251	SAMEA120581428	ERX15337745	ERA35261838	562	Escherichia coli		WGS	RANDOM	135343	Metagenomics for detection of bacterial pathogens, antimicrobial resistance and virulence genes in diarrhoeal pigs	cfc855b7-37f7-4bf6-959b-2a2aafd1689a	webin-reads-DTU_2024_1035955_100_SI_LVK_48_SE	webin-reads-DTU_2024_1035955_100_SI_LVK_48_SE	be9c483cce22b1cd3c970e352064fb5b	ftp.sra.ebi.ac.uk/vol1/fastq/ERR159/000/ERR15942200/ERR15942200.fastq.gz	818489989	ftp.sra.ebi.ac.uk/vol1/run/ERR159/ERR15942200/DTU_2024_1035955_100_SI_LVK_48_SE.fq.gz	DTU-GE	DTU_2024_1035955_100_SI_LVK_48_SE
ERR15942221	PRJEB88111	ERP171251	SAMEA120581450	ERX15337766	ERA35261859	562	Escherichia coli		WGS	RANDOM	131472	Metagenomics for detection of bacterial pathogens, antimicrobial resistance and virulence genes in diarrhoeal pigs	cfc855b7-37f7-4bf6-959b-2a2aafd1689a	webin-reads-DTU_2024_1035977_100_SI_DTU_101B_SE	webin-reads-DTU_2024_1035977_100_SI_DTU_101B_SE	d7c833d730e41a5ed655a5a7d6adaebd	ftp.sra.ebi.ac.uk/vol1/fastq/ERR159/021/ERR15942221/ERR15942221.fastq.gz	759809433	ftp.sra.ebi.ac.uk/vol1/run/ERR159/ERR15942221/DTU_2024_1035977_100_SI_DTU_101B_SE.fq.gz	DTU-GE	DTU_2024_1035977_100_SI_DTU_101B_SE
ERR15942235	PRJEB88111	ERP171251	SAMEA120581437	ERX15337780	ERA35261873	562	Escherichia coli		WGS	RANDOM	295365	Metagenomics for detection of bacterial pathogens, antimicrobial resistance and virulence genes in diarrhoeal pigs	cfc855b7-37f7-4bf6-959b-2a2aafd1689a	webin-reads-DTU_2024_1035964_100_SI_LVK_102_SE	webin-reads-DTU_2024_1035964_100_SI_LVK_102_SE	4ba5c7968f80fff834a7810805769346	ftp.sra.ebi.ac.uk/vol1/fastq/ERR159/035/ERR15942235/ERR15942235.fastq.gz	1339659720	ftp.sra.ebi.ac.uk/vol1/run/ERR159/ERR15942235/DTU_2024_1035964_100_SI_LVK_102_SE.fq.gz	DTU-GE	DTU_2024_1035964_100_SI_LVK_102_SE
ERR15942238	PRJEB88111	ERP171251	SAMEA120581431	ERX15337783	ERA35261876	562	Escherichia coli		WGS	RANDOM	123565	Metagenomics for detection of bacterial pathogens, antimicrobial resistance and virulence genes in diarrhoeal pigs	cfc855b7-37f7-4bf6-959b-2a2aafd1689a	webin-reads-DTU_2024_1035958_100_SI_LVK_74_SE	webin-reads-DTU_2024_1035958_100_SI_LVK_74_SE	83896f490d099605c5bdab4d573f2bb2	ftp.sra.ebi.ac.uk/vol1/fastq/ERR159/038/ERR15942238/ERR15942238.fastq.gz	739999824	ftp.sra.ebi.ac.uk/vol1/run/ERR159/ERR15942238/DTU_2024_1035958_100_SI_LVK_74_SE.fq.gz	DTU-GE	DTU_2024_1035958_100_SI_LVK_74_SE
ERR15942245	PRJEB88111	ERP171251	SAMEA120581430	ERX15337790	ERA35261883	562	Escherichia coli		WGS	RANDOM	273561	Metagenomics for detection of bacterial pathogens, antimicrobial resistance and virulence genes in diarrhoeal pigs	cfc855b7-37f7-4bf6-959b-2a2aafd1689a	webin-reads-DTU_2024_1035957_100_SI_LVK_61_SE	webin-reads-DTU_2024_1035957_100_SI_LVK_61_SE	2319bf174ceb94aaec282c872c58301a	ftp.sra.ebi.ac.uk/vol1/fastq/ERR159/045/ERR15942245/ERR15942245.fastq.gz	1332582695	ftp.sra.ebi.ac.uk/vol1/run/ERR159/ERR15942245/DTU_2024_1035957_100_SI_LVK_61_SE.fq.gz	DTU-GE	DTU_2024_1035957_100_SI_LVK_61_SE
ERR15942249	PRJEB88111	ERP171251	SAMEA120581459	ERX15337794	ERA35261887	1502	Clostridium perfringens		WGS	RANDOM	185607	Metagenomics for detection of bacterial pathogens, antimicrobial resistance and virulence genes in diarrhoeal pigs	cfc855b7-37f7-4bf6-959b-2a2aafd1689a	webin-reads-DTU_2024_1035986_100_SI_CP_43C_SE	webin-reads-DTU_2024_1035986_100_SI_CP_43C_SE	abc5be48ccbd4f3e05adc47a7bfd0f6d	ftp.sra.ebi.ac.uk/vol1/fastq/ERR159/049/ERR15942249/ERR15942249.fastq.gz	932150995	ftp.sra.ebi.ac.uk/vol1/run/ERR159/ERR15942249/DTU_2024_1035986_100_SI_CP_43C_SE.fq.gz	DTU-GE	DTU_2024_1035986_100_SI_CP_43C_SE
ERR15942255	PRJEB88111	ERP171251	SAMEA120581467	ERX15337800	ERA35261893	1502	Clostridium perfringens		WGS	RANDOM	400837	Metagenomics for detection of bacterial pathogens, antimicrobial resistance and virulence genes in diarrhoeal pigs	cfc855b7-37f7-4bf6-959b-2a2aafd1689a	webin-reads-DTU_2024_1035994_100_SI_CP_78B_SE	webin-reads-DTU_2024_1035994_100_SI_CP_78B_SE	e8baea010525d953ba01febd8b918da0	ftp.sra.ebi.ac.uk/vol1/fastq/ERR159/055/ERR15942255/ERR15942255.fastq.gz	1678030146	ftp.sra.ebi.ac.uk/vol1/run/ERR159/ERR15942255/DTU_2024_1035994_100_SI_CP_78B_SE.fq.gz	DTU-GE	DTU_2024_1035994_100_SI_CP_78B_SE
